Recipe ingredients list: Cathy's Creamy Chicken Bake‡chicken breasts, Swiss cheese, cream of chicken soup, white wine, stuffing mix, butter
Recipe ingredients list: Garlicky Quinoa and Garbanzo Bean Salad‡quinoa, water, garbanzo beans, broccoli, garlic, lemon juice, tarragon, mustard, olive oil
Recipe ingredients list: Roasted Garlic‡garlic, olive oil
Recipe ingredients list: Bechamel Sauce‡butter, onion, flour, chicken broth, half-and-half, salt, white pepper
Recipe ingredients list: Frozen Vegetable Stir-Fry‡soy sauce, brown sugar, garlic powder, peanut butter, olive oil, mixed vegetables
Recipe ingredients list: Quick and Easy Oatmeal Muffins‡eggs, brown sugar, vegetable oil, milk, flour, oatmeal, baking powder, baking soda, salt
Recipe ingredients list: Holly's Hummus‡garbanzo beans, Spanish Manzanilla olives, garlic, olive oil, lemon juice, basil, cilantro
Recipe ingredients list: Sweet Potato Souffle I‡sweet potatoes, white sugar, butter, eggs, vanilla extract, milk, coconut
Recipe ingredients list: Crumb Topping for Pies‡brown sugar, flour, butter
Recipe ingredients list: Jennifer's Granola‡rolled oats, wheat germ, flax seed meal, brown sugar, sunflower seeds, pecans, almonds
Recipe ingredients list: Crispy Chicken Strips‡butter, rice cereal, flour, seasoning blend, chicken breast tenders
Recipe ingredients list: Orange Loaf‡margarine, white sugar, eggs, orange zest, orange juice, flour, baking powder, salt, walnuts
Recipe ingredients list: Beef Marinade I‡vegetable oil, soy sauce, white wine vinegar, lemon juice, Worcestershire sauce, dry mustard, salt, black pepper, parsley
Recipe ingredients list: Almond Rhubarb Coffee Cake‡brown sugar, vegetable oil, egg, vanilla extract, flour, salt, baking soda, milk, rhubarb, almonds, white sugar, butter
Recipe ingredients list: Angel's Yummy Bruschetta‡French baguette, tomatoes, onion, garlic, basil, oregano, salt, black pepper, mozzarella cheese
Recipe ingredients list: Chocolate Frosting I‡butter, cocoa powder, salt, boiling water, confectioners' sugar
Recipe ingredients list: Peach Cream Pie I‡white sugar, butter, flour, egg, vanilla extract, peaches, pie crust
Recipe ingredients list: Peanut Butter Banana Muffins‡flour, quick cooking oats, brown sugar, baking powder, milk, peanut butter, banana, egg, vegetable oil, vanilla extract, butter
Recipe ingredients list: Banana Cake Cookies‡shortening, brown sugar, eggs, bananas, flour, baking powder, baking soda, salt, cloves, pecans, confectioners' sugar, butter, vanilla extract
Recipe ingredients list: Avocado and Tomato Salad‡tomatoes, avocados, red onion, black pepper, balsamic vinaigrette dressing
